game_id,match_id,recorded_at,champion,player,rank,kills,deaths,assists,cs,vision,gold,patch,game_date,video_mb,video_filename,youtube_url
566084982,JP1_566084982,,Viego,白鶴仙童#MYZZ,Challenger,22,5,9,36,33,23451,16.4,2026-02-19 09:03 JST,,,
566089291,JP1_566089291,,Viego,白鶴仙童#MYZZ,Challenger,15,6,10,37,45,20827,16.4,2026-02-19 10:14 JST,,,
566138496,JP1_566138496,,Viego,白鶴仙童#MYZZ,Challenger,8,8,10,50,46,19091,16.4,2026-02-19 17:53 JST,,,
566292715,JP1_566292715,,Nidalee,Melody#I L,Challenger,8,4,8,19,36,11631,16.4,2026-02-20 13:38 JST,,,
566295400,JP1_566295400,,Viego,白鶴仙童#MYZZ,Challenger,17,8,4,20,28,15890,16.4,2026-02-20 13:58 JST,,,
566302349,JP1_566302349,,Viego,Melody#I L,Challenger,13,7,7,20,44,16176,16.4,2026-02-20 14:52 JST,,,
566307659,JP1_566307659,,Taliyah,Melody#I L,Challenger,22,3,0,81,33,20024,16.4,2026-02-20 15:47 JST,,,
566314238,JP1_566314238,,Kindred,Melody#I L,Challenger,12,5,5,48,34,15656,16.4,2026-02-20 16:26 JST,,,
566326994,JP1_566326994,,DrMundo,Dopaminw#OUI,Challenger,4,6,12,12,19,12293,16.4,2026-02-20 18:07 JST,,,
566335173,JP1_566335173,,Rengar,china đoóc#2302,Challenger,13,7,8,37,29,16516,16.4,2026-02-20 18:52 JST,,,
566408765,JP1_566408765,,Elise,Melody#I L,Challenger,11,3,9,32,43,14633,16.4,2026-02-20 23:56 JST,,,
566419774,JP1_566419774,,Taliyah,Melody#I L,Challenger,6,3,10,35,20,12268,16.4,2026-02-21 00:36 JST,,,
566430548,JP1_566430548,,Elise,Melody#I L,Challenger,13,0,4,13,21,10961,16.4,2026-02-21 01:16 JST,,,
566443466,JP1_566443466,,Zyra,Melody#I L,Challenger,7,5,9,46,45,16015,16.4,2026-02-21 02:12 JST,,,
566484593,JP1_566484593,,DrMundo,Dopaminw#OUI,Challenger,9,4,10,32,27,14385,16.4,2026-02-21 10:43 JST,,,
566530516,JP1_566530516,,Evelynn,senzawa#JP1,Challenger,9,4,5,6,23,13112,16.4,2026-02-21 16:06 JST,,,
566559205,JP1_566559205,,Kindred,Dopaminw#OUI,Challenger,9,0,5,8,16,10460,16.4,2026-02-21 18:28 JST,,,
566565161,JP1_566565161,,Jax,china đoóc#2302,Challenger,7,1,2,31,20,10274,16.4,2026-02-21 19:00 JST,,,
566591239,JP1_566591239,,Evelynn,senzawa#JP1,Challenger,13,2,8,25,15,14831,16.4,2026-02-21 21:06 JST,,,
566631729,JP1_566631729,,Taliyah,定风波#520,Challenger,4,0,3,9,17,7254,16.4,2026-02-21 23:30 JST,,,
566639260,JP1_566639260,,Taliyah,定风波#520,Challenger,8,2,11,36,37,15166,16.4,2026-02-21 23:52 JST,,,
566723534,JP1_566723534,,Viego,I Am AtomiK#シャドウ,Challenger,8,2,7,4,20,10754,16.4,2026-02-22 11:51 JST,,,
566729957,JP1_566729957,,Rengar,china đoóc#2302,Challenger,14,10,9,58,44,17093,16.4,2026-02-22 12:53 JST,,,
566735707,JP1_566735707,,DrMundo,Dopaminw#OUI,Challenger,8,6,17,23,30,14567,16.4,2026-02-22 13:30 JST,,,
566743950,JP1_566743950,,Kindred,定风波#520,Challenger,17,3,5,74,54,21708,16.4,2026-02-22 14:28 JST,,,
566803363,JP1_566803363,,Rengar,china đoóc#2302,Challenger,8,5,4,17,19,12914,16.4,2026-02-22 19:26 JST,,,
566804942,JP1_566804942,,Zyra,くるみかん#123,Challenger,4,7,6,15,27,12381,16.4,2026-02-22 19:41 JST,,,
566824218,JP1_566824218,,Viego,I Am AtomiK#シャドウ,Challenger,14,9,8,36,26,16057,16.4,2026-02-22 21:04 JST,,,
566859177,JP1_566859177,,Kindred,定风波#520,Challenger,3,5,11,21,24,11235,16.4,2026-02-22 23:02 JST,,,
566950225,JP1_566950225,,Taliyah,定风波#520,Challenger,6,2,11,14,25,12255,16.4,2026-02-23 10:51 JST,,,
566954172,JP1_566954172,,Gwen,定风波#520,Challenger,7,2,8,56,13,12964,16.4,2026-02-23 11:26 JST,,,
566956457,JP1_566956457,,Karthus,senzawa#JP1,Challenger,6,6,24,9,17,13415,16.4,2026-02-23 11:53 JST,,,
566979383,JP1_566979383,,Zaahen,ねすてぃー#7777,Challenger,5,7,9,26,45,13088,16.4,2026-02-23 14:33 JST,,,
566986037,JP1_566986037,,Zaahen,ねすてぃー#7777,Challenger,5,2,3,9,21,11835,16.4,2026-02-23 15:05 JST,,,
566992033,JP1_566992033,,Vi,ねすてぃー#7777,Challenger,3,0,12,6,27,10680,16.4,2026-02-23 15:35 JST,,,
566992875,JP1_566992875,,Taliyah,定风波#520,Challenger,4,4,14,26,33,11902,16.4,2026-02-23 15:48 JST,,,
566997450,JP1_566997450,2026-02-26 01:52,Vi,ねすてぃー#7777,,10,4,9,6,33,13280,,,2088,,https://www.youtube.com/watch?v=SEtns2ty33w
567000884,JP1_567000884,,Viego,定风波#520,Challenger,11,6,10,31,34,16031,16.4,2026-02-23 16:25 JST,,,
567014387,JP1_567014387,,Taliyah,定风波#520,Challenger,9,2,16,36,37,14737,16.4,2026-02-23 17:25 JST,,,
567020550,JP1_567020550,,Taliyah,定风波#520,Challenger,7,2,9,25,22,11037,16.4,2026-02-23 17:55 JST,,,
567033910,JP1_567033910,2026-02-26 01:52,Talon,jisoo#bp777,,8,3,3,44,16,14381,,,2099,,https://www.youtube.com/watch?v=O_xRr7wFlzs
567040660,JP1_567040660,2026-02-26 01:52,Taliyah,jisoo#bp777,,5,1,7,12,24,9986,,,1502,,
567048387,JP1_567048387,2026-02-26 01:52,Vi,Windows10嫌い#JP1,,4,2,5,22,22,10800,,,1890,,
567052474,JP1_567052474,,Karthus,senzawa#JP1,Challenger,24,9,16,67,38,23741,16.4,2026-02-23 20:35 JST,,,
567080016,JP1_567080016,2026-02-26 01:52,Sylas,ShadowIsles0#JP1,,11,3,13,11,18,11820,,,1427,,
567086567,JP1_567086567,,Karthus,senzawa#JP1,Challenger,23,11,11,52,26,22898,16.4,2026-02-23 22:35 JST,,,
567100203,JP1_567100203,,MonkeyKing,Dopaminw#OUI,Challenger,4,2,0,10,12,6409,16.4,2026-02-23 23:18 JST,,,
567133003,JP1_567133003,,Zyra,くるみかん#123,Challenger,7,4,14,33,38,17809,16.4,2026-02-24 01:43 JST,,,
567154144,JP1_567154144,2026-02-26 01:52,Sylas,aspire#JINBU,,5,3,8,11,31,11864,,,2069,,
567170939,JP1_567170939,,DrMundo,Dopaminw#OUI,Challenger,2,4,11,29,36,12836,16.4,2026-02-24 12:12 JST,,,
567178849,JP1_567178849,,Evelynn,senzawa#JP1,Challenger,18,6,11,24,36,22208,16.4,2026-02-24 13:36 JST,,,
567187637,JP1_567187637,,Zaahen,Dopaminw#OUI,Challenger,7,5,11,14,27,11691,16.4,2026-02-24 14:56 JST,,,
567190789,JP1_567190789,,Zaahen,Dopaminw#OUI,Challenger,11,2,9,45,35,16360,16.4,2026-02-24 15:27 JST,,,
567198843,JP1_567198843,,Nidalee,大小姐驾到#Molly,Challenger,11,3,11,30,32,15444,16.4,2026-02-24 16:37 JST,,,
567206327,JP1_567206327,2026-02-26 08:25,Viego,大小姐驾到#Molly,Challenger,12,5,10,8,18,15365,16.4,2026-02-24 17:23 JST,1296,[JP Challenger JG] Viego 12-5-10 - 大小姐驾到#Molly.mp4,skipped
567214221,JP1_567214221,2026-02-26 01:52,Evelynn,senzawa#JP1,Challenger,10,5,11,10,28,13742,16.4,2026-02-24 18:13 JST,2966,,
567228093,JP1_567228093,2026-02-26 07:54,Zaahen,Dopaminw#OUI,Challenger,5,3,14,31,43,14255,16.4,2026-02-24 19:46 JST,1482,[JP Challenger JG] Zaahen 5-3-14 - Dopaminw#OUI.mp4,https://www.youtube.com/watch?v=W-A_y6rLyK8
567234858,JP1_567234858,2026-02-26 07:20,Sylas,I Am AtomiK#シャドウ,Challenger,11,4,6,26,20,15172,16.4,2026-02-24 20:29 JST,1188,[JP Challenger JG] Sylas 11-4-6 - I Am AtomiK#シャドウ.mp4,https://www.youtube.com/watch?v=our2IKMk5sM
567255001,JP1_567255001,2026-02-26 06:52,Zaahen,Dopaminw#OUI,Challenger,13,8,10,39,41,14743,16.4,2026-02-24 21:42 JST,1301,[JP Challenger JG] Zaahen 13-8-10 - Dopaminw#OUI.mp4,https://www.youtube.com/watch?v=FG59txgfnFQ
567268312,JP1_567268312,2026-02-26 01:52,Viego,I Am AtomiKSword#シャドウ,Challenger,14,3,2,7,21,14340,,,2408,,
567276939,JP1_567276939,2026-02-26 01:52,Viego,I Am AtomiKSword#シャドウ,Challenger,10,4,3,6,24,13429,,,2409,,
567287391,JP1_567287391,2026-02-26 01:52,Viego,I Am AtomiKSword#シャドウ,Challenger,20,3,9,44,30,21324,,,3082,,
567302563,JP1_567302563,2026-02-26 06:22,Karthus,senzawa#JP1,Challenger,12,3,9,59,14,15248,16.4,2026-02-25 00:32 JST,1056,[JP Challenger JG] Karthus 12-3-9 - senzawa#JP1.mp4,https://www.youtube.com/watch?v=I_vlCVCtUKc
567376971,JP1_567376971,2026-02-26 03:48,Graves,jisoo#bp777,Challenger,11,2,2,21,27,11336,16.4,2026-02-25 14:59 JST,782,,https://www.youtube.com/watch?v=suDk3D1Eetk
567421464,JP1_567421464,2026-02-26 03:30,Karthus,senzawa#JP1,Challenger,8,2,13,18,19,12121,16.4,2026-02-25 20:01 JST,904,,https://www.youtube.com/watch?v=iH5SD60W5J8
567428582,JP1_567428582,2026-02-26 03:09,Ambessa,I Am AtomiK#シャドウ,Challenger,8,2,6,35,15,13695,16.4,2026-02-25 20:44 JST,1064,,https://www.youtube.com/watch?v=-L50TTy1_Rg
567441157,JP1_567441157,2026-02-26 02:44,Evelynn,senzawa#JP1,Challenger,15,1,10,31,23,14874,16.4,2026-02-25 21:29 JST,964,,https://www.youtube.com/watch?v=2jTeuhC2WAY
567452481,JP1_567452481,2026-02-26 02:21,Evelynn,senzawa#JP1,Challenger,7,2,3,11,13,7861,16.4,2026-02-25 22:11 JST,736,,https://www.youtube.com/watch?v=xpEu-5mDTdg
567561674,JP1_567561674,2026-02-26 20:14,Karthus,senzawa#JP1,Challenger,13,9,14,21,30,16750,16.4,2026-02-26 15:00 JST,1325,[JP Challenger JG] Karthus 13-9-14 - senzawa#JP1.mp4,https://www.youtube.com/watch?v=csMRRoXbr3g
567566014,JP1_567566014,2026-02-26 19:43,Fizz,すやひめ#15ff,Challenger,0,0,0,0,0,515,16.4,2026-02-26 15:31 JST,55,[JP Challenger JG] Fizz 0-0-0 - すやひめ#15ff.mp4,
567570975,JP1_567570975,2026-02-26 19:41,Viego,senzawa#JP1,Challenger,15,5,7,22,21,17475,16.4,2026-02-26 16:24 JST,1333,[JP Challenger JG] Viego 15-5-7 - senzawa#JP1.mp4,
567577125,JP1_567577125,2026-02-26 19:10,Shaco,くるみかん#123,Challenger,3,1,5,13,26,11098,16.4,2026-02-26 16:59 JST,1112,[JP Challenger JG] Shaco 3-1-5 - くるみかん#123.mp4,
567580353,JP1_567580353,2026-02-26 18:45,Zaahen,Dopaminw#OUI,Challenger,12,5,17,33,58,16681,16.4,2026-02-26 17:28 JST,1523,[JP Challenger JG] Zaahen 12-5-17 - Dopaminw#OUI.mp4,
567594040,JP1_567594040,2026-02-27 10:12,Evelynn,senzawa#JP1,Challenger,10,0,2,9,14,8246,16.4,2026-02-26 19:04 JST,687,[JP Challenger JG] Evelynn 10-0-2 - senzawa#JP1.mp4,https://www.youtube.com/watch?v=ZkqDZFuajkY
567624584,JP1_567624584,2026-02-27 09:56,Evelynn,senzawa#JP1,Challenger,3,2,9,11,27,12119,16.4,2026-02-26 21:42 JST,1243,[JP Challenger JG] Evelynn 3-2-9 - senzawa#JP1.mp4,https://www.youtube.com/watch?v=ST6xnjgmjbY
567640653,JP1_567640653,2026-02-27 09:27,Karthus,senzawa#JP1,Challenger,12,7,19,28,16,15488,16.4,2026-02-26 22:37 JST,1127,[JP Challenger JG] Karthus 12-7-19 - senzawa#JP1.mp4,https://www.youtube.com/watch?v=NT3bkPz3JVA
567645590,JP1_567645590,2026-02-27 09:01,Taliyah,定风波#520,Challenger,5,4,10,46,42,15609,16.4,2026-02-26 22:53 JST,1409,[JP Challenger JG] Taliyah 5-4-10 - 定风波#520.mp4,https://www.youtube.com/watch?v=JCNS6_lCg3E
567660367,JP1_567660367,2026-02-27 08:28,Taliyah,定风波#520,Challenger,7,5,9,53,50,16075,16.4,2026-02-26 23:43 JST,1327,[JP Challenger JG] Taliyah 7-5-9 - 定风波#520.mp4,https://www.youtube.com/watch?v=8sweG05fVWM
567759370,JP1_567759370,2026-02-28 05:27,Zaahen,Dopaminw#OUI,Challenger,5,3,8,12,21,10687,16.4,2026-02-27 17:25 JST,1014,[JP Challenger JG] Zaahen 5-3-8 - Dopaminw#OUI.mp4,https://www.youtube.com/watch?v=JE1Gc-lJapE
567799868,JP1_567799868,2026-02-28 05:03,Naafiri,I Am AtomiK#シャドウ,Challenger,14,5,10,25,13,16089,16.4,2026-02-27 21:34 JST,1197,[JP Challenger JG] Naafiri 14-5-10 - I Am AtomiK#シャドウ.mp4,https://www.youtube.com/watch?v=BYl_tKqcjmU
567885534,JP1_567885534,2026-02-28 04:35,Rengar,china đoóc#2302,Challenger,12,2,2,22,26,12059,16.4,2026-02-28 03:27 JST,1013,[JP Challenger JG] Rengar 12-2-2 - china đoóc#2302.mp4,https://www.youtube.com/watch?v=hllzGDNp4aU
567967720,JP1_567967720,2026-03-01 15:40,Sylas,I Am AtomiK#シャドウ,Challenger,12,9,5,9,23,13046,16.4,2026-02-28 17:02 JST,1234,[JP Challenger JG] Sylas 12-9-5 - I Am AtomiK#シャドウ.mp4,https://www.youtube.com/watch?v=ksOnmEuLKpI
568004838,JP1_568004838,2026-03-01 15:11,Karthus,senzawa#JP1,Challenger,5,2,9,13,13,10749,16.4,2026-02-28 20:37 JST,968,[JP Challenger JG] Karthus 5-2-9 - senzawa#JP1.mp4,https://www.youtube.com/watch?v=QJ-7lBd3CYE
568145953,JP1_568145953,2026-03-01 14:49,Fizz,定风波#520,Challenger,12,5,8,21,18,13665,16.4,2026-03-01 12:21 JST,1165,[JP Challenger JG] Fizz 12-5-8 - 定风波#520.mp4,https://www.youtube.com/watch?v=4H4A9fhKcg0
568265436,JP1_568265436,2026-03-03 00:49,Viego,大小姐驾到#Molly,Challenger,11,2,2,15,32,13723,16.4,2026-03-01 22:21 JST,1168,[JP Challenger JG] Viego 11-2-2 - 大小姐驾到#Molly.mp4,
568296482,JP1_568296482,2026-03-03 00:21,Talon,CTRLME#77777,Challenger,6,1,4,34,26,13398,16.4,2026-03-02 00:15 JST,1098,[JP Challenger JG] Talon 6-1-4 - CTRLME#77777.mp4,
568323927,JP1_568323927,2026-03-02 23:56,Diana,BC EL#JP1,Challenger,6,3,10,40,36,14340,16.4,2026-03-02 03:31 JST,1206,[JP Challenger JG] Diana 6-3-10 - BC EL#JP1.mp4,https://www.youtube.com/watch?v=VZVCt0DdLQo
568367737,JP1_568367737,2026-03-02 23:28,Evelynn,senzawa#JP1,Challenger,11,4,8,6,24,13527,16.4,2026-03-02 15:32 JST,1221,[JP Challenger JG] Evelynn 11-4-8 - senzawa#JP1.mp4,https://www.youtube.com/watch?v=X4qvViolpqY
568369608,JP1_568369608,2026-03-02 22:59,Graves,ONCE#JP1,Challenger,6,2,6,22,26,9063,16.4,2026-03-02 15:44 JST,735,[JP Challenger JG] Graves 6-2-6 - ONCE#JP1.mp4,https://www.youtube.com/watch?v=10QvWF27yq0
568380194,JP1_568380194,2026-03-02 22:42,Rengar,我要验牌#十JQKA,Challenger,10,3,8,31,48,14869,16.4,2026-03-02 17:12 JST,1168,[JP Challenger JG] Rengar 10-3-8 - 我要验牌#十JQKA.mp4,https://www.youtube.com/watch?v=dc352ycr14U
568401109,JP1_568401109,2026-03-02 22:15,Zyra,くるみかん#123,Challenger,8,3,14,37,41,16479,16.4,2026-03-02 19:41 JST,1496,[JP Challenger JG] Zyra 8-3-14 - くるみかん#123.mp4,https://www.youtube.com/watch?v=61-3SOBVWO4
568407732,JP1_568407732,2026-03-02 21:40,Taliyah,定风波#520,Challenger,11,3,10,36,39,16707,16.4,2026-03-02 20:25 JST,1359,[JP Challenger JG] Taliyah 11-3-10 - 定风波#520.mp4,https://www.youtube.com/watch?v=TRoloH5pKqk
568466129,JP1_568466129,2026-03-04 01:06,Fizz,定风波#520,Challenger,22,3,7,28,26,20503,16.4,2026-03-02 23:55 JST,1304,[JP Challenger JG] Fizz 22-3-7 - 定风波#520.mp4,https://www.youtube.com/watch?v=bZonx4N4vNo
568534574,JP1_568534574,2026-03-04 00:36,Diana,豊川祥子ノ超超超超時空裁決喵#惹啊啊啊啊,Challenger,7,1,13,54,37,15717,16.4,2026-03-03 14:14 JST,1328,[JP Challenger JG] Diana 7-1-13 - 豊川祥子ノ超超超超時空裁決喵#惹啊啊啊啊.mp4,https://www.youtube.com/watch?v=Vq21iCELzas
568544625,JP1_568544625,2026-03-04 00:05,Graves,ONCE#JP1,Challenger,17,2,7,46,35,16229,16.4,2026-03-03 15:39 JST,1152,[JP Challenger JG] Graves 17-2-7 - ONCE#JP1.mp4,https://www.youtube.com/watch?v=CNbDN0ZIt5A
568546177,JP1_568546177,2026-03-03 23:38,Zyra,Fa J#6115,Challenger,3,5,14,12,36,9878,16.4,2026-03-03 15:51 JST,1091,[JP Challenger JG] Zyra 3-5-14 - Fa J#6115.mp4,https://www.youtube.com/watch?v=7MFNzU1-v14
568565180,JP1_568565180,2026-03-03 23:13,Zyra,白鶴仙童#MYZZ,Challenger,11,3,10,34,40,15418,16.4,2026-03-03 18:14 JST,1267,[JP Challenger JG] Zyra 11-3-10 - 白鶴仙童#MYZZ.mp4,https://www.youtube.com/watch?v=FXMPRE3kT1U
568580241,JP1_568580241,2026-03-03 22:43,Lillia,senzawa#JP1,Challenger,7,1,13,10,27,13986,16.4,2026-03-03 19:57 JST,1176,[JP Challenger JG] Lillia 7-1-13 - senzawa#JP1.mp4,https://www.youtube.com/watch?v=cKts8Op1l0I
568597315,JP1_568597315,2026-03-03 22:16,Jayce,我要验牌#十JQKA,Challenger,5,4,8,14,20,10120,16.4,2026-03-03 21:20 JST,833,[JP Challenger JG] Jayce 5-4-8 - 我要验牌#十JQKA.mp4,https://www.youtube.com/watch?v=nazgxNdJkbA
568697084,JP1_568697084,2026-03-05 01:00,Graves,豊川祥子ノ超超超超時空裁決喵#惹啊啊啊啊,Challenger,12,0,4,22,14,13618,16.5,2026-03-04 11:53 JST,946,[JP Challenger JG] Graves 12-0-4 - 豊川祥子ノ超超超超時空裁決喵#惹啊啊啊啊.mp4,https://www.youtube.com/watch?v=vGRnriyi3EI
568709255,JP1_568709255,2026-03-05 01:34,Zaahen,ねすてぃー#7777,Challenger,17,2,11,44,40,19462,16.5,2026-03-04 14:19 JST,1432,[JP Challenger JG] Zaahen 17-2-11 - ねすてぃー#7777.mp4,
568722336,JP1_568722336,2026-03-05 02:13,Aatrox,I Am AtomiK#シャドウ,Challenger,20,5,9,55,27,21108,16.5,2026-03-04 16:30 JST,1721,[JP Challenger JG] Aatrox 20-5-9 - I Am AtomiK#シャドウ.mp4,
568725339,JP1_568725339,2026-03-05 02:43,Viego,ねすてぃー#7474,Challenger,2,6,5,24,24,11746,16.5,2026-03-04 16:54 JST,1267,[JP Challenger JG] Viego 2-6-5 - ねすてぃー#7474.mp4,
568742705,JP1_568742705,,Jayce,我要验牌#十JQKA,Challenger,7,3,3,21,20,9259,16.5,2026-03-04 18:55 JST,,,
568754971,JP1_568754971,2026-03-05 03:12,Khazix,Fa J#6115,Challenger,8,6,11,42,56,15168,16.5,2026-03-04 20:17 JST,1258,[JP Challenger JG] Khazix 8-6-11 - Fa J#6115.mp4,
568762748,JP1_568762748,2026-03-04 22:50,Karthus,senzawa#JP1,Challenger,17,8,7,41,28,19680,16.5,2026-03-04 20:56 JST,1449,[JP Challenger JG] Karthus 17-8-7 - senzawa#JP1.mp4,https://www.youtube.com/watch?v=nQ2-IEguKlE
568770505,JP1_568770505,2026-03-04 22:16,Fizz,定风波#520,Challenger,11,1,3,21,17,10607,16.5,2026-03-04 21:28 JST,795,[JP Challenger JG] Fizz 11-1-3 - 定风波#520.mp4,
568792499,JP1_568792499,2026-03-05 03:33,Jayce,我要验牌#十JQKA,Challenger,9,3,4,14,21,9857,16.5,2026-03-04 22:41 JST,895,[JP Challenger JG] Jayce 9-3-4 - 我要验牌#十JQKA.mp4,https://www.youtube.com/watch?v=gKbfbhRHQdg
568836114,JP1_568836114,2026-03-06 00:56,Viego,豊川祥子ノ超超超超時空裁決喵#惹啊啊啊啊,Challenger,13,6,6,23,17,13868,16.5,2026-03-05 01:47 JST,1069,[JP Challenger JG] Viego 13-6-6 - 豊川祥子ノ超超超超時空裁決喵#惹啊啊啊啊.mp4,
568841002,JP1_568841002,2026-03-06 00:31,Zyra,くるみかん#123,Challenger,4,2,8,28,40,13829,16.5,2026-03-05 02:24 JST,1336,[JP Challenger JG] Zyra 4-2-8 - くるみかん#123.mp4,
568847035,JP1_568847035,2026-03-06 00:00,Rengar,我要验牌#十JQKA,Challenger,8,11,10,91,41,16586,16.5,2026-03-05 03:26 JST,1632,[JP Challenger JG] Rengar 8-11-10 - 我要验牌#十JQKA.mp4,
568902645,JP1_568902645,2026-03-05 23:22,RekSai,白鶴仙童#MYZZ,Challenger,7,0,7,12,23,8073,16.5,2026-03-05 16:35 JST,696,[JP Challenger JG] RekSai 7-0-7 - 白鶴仙童#MYZZ.mp4,
568902982,JP1_568902982,2026-03-05 23:06,Viego,ねすてぃー#7474,Challenger,6,4,10,18,40,14474,16.5,2026-03-05 16:43 JST,1236,[JP Challenger JG] Viego 6-4-10 - ねすてぃー#7474.mp4,https://www.youtube.com/watch?v=3VdJVkQJTd0
568921379,JP1_568921379,2026-03-05 22:37,Evelynn,senzawa#JP1,Challenger,6,0,7,15,17,9664,16.5,2026-03-05 18:39 JST,848,[JP Challenger JG] Evelynn 6-0-7 - senzawa#JP1.mp4,https://www.youtube.com/watch?v=8aYqmVH50SE
568924683,JP1_568924683,2026-03-05 22:17,Zaahen,Dopaminw#OUI,Challenger,10,5,13,47,43,14654,16.5,2026-03-05 19:06 JST,1358,[JP Challenger JG] Zaahen 10-5-13 - Dopaminw#OUI.mp4,https://www.youtube.com/watch?v=I4EWuwLMYEI
569069270,JP1_569069270,2026-03-07 01:26,Fizz,定风波#520,Challenger,14,5,8,45,42,17226,16.5,2026-03-06 14:08 JST,1396,[JP Challenger JG] Fizz 14-5-8 - 定风波#520.mp4,https://www.youtube.com/watch?v=_vjLv1-29M4
569099983,JP1_569099983,2026-03-07 00:54,Zaahen,Dopaminw#OUI,Challenger,10,3,14,21,39,12781,16.5,2026-03-06 18:32 JST,1093,[JP Challenger JG] Zaahen 10-3-14 - Dopaminw#OUI.mp4,https://www.youtube.com/watch?v=zY6n05q6dTc
569138784,JP1_569138784,2026-03-07 00:28,Evelynn,senzawa#JP1,Challenger,6,1,6,5,25,9509,16.5,2026-03-06 21:58 JST,848,[JP Challenger JG] Evelynn 6-1-6 - senzawa#JP1.mp4,https://www.youtube.com/watch?v=VFmOy-aRbnY
569468413,JP1_569468413,2026-03-09 06:06,Taliyah,定风波#520,Challenger,6,0,3,4,18,7156,16.5,2026-03-08 11:33 JST,682,[JP Challenger JG] Taliyah 6-0-3 - 定风波#520.mp4,
569471698,JP1_569471698,2026-03-09 05:50,LeeSin,May#0823,Challenger,6,1,9,3,15,8941,16.5,2026-03-08 12:08 JST,827,[JP Challenger JG] LeeSin 6-1-9 - May#0823.mp4,
569500777,JP1_569500777,2026-03-09 05:30,XinZhao,Wsavh#JP1,Challenger,12,2,11,45,44,16783,16.5,2026-03-08 15:24 JST,1223,[JP Challenger JG] XinZhao 12-2-11 - Wsavh#JP1.mp4,
569501945,JP1_569501945,2026-03-09 05:02,Rengar,Badao1102c#2302,Challenger,11,4,5,27,44,15173,16.5,2026-03-08 15:33 JST,1293,[JP Challenger JG] Rengar 11-4-5 - Badao1102c#2302.mp4,https://www.youtube.com/watch?v=k2iASZGE3ks
569544477,JP1_569544477,2026-03-09 04:32,Ambessa,I Am AtomiK#シャドウ,Challenger,14,2,9,13,19,16159,16.5,2026-03-08 19:09 JST,1168,[JP Challenger JG] Ambessa 14-2-9 - I Am AtomiK#シャドウ.mp4,https://www.youtube.com/watch?v=RLLvTKgcATs
569560176,JP1_569560176,2026-03-09 04:05,Karthus,本間心鈴#美しい虚無,Challenger,13,5,10,13,14,14573,16.5,2026-03-08 20:27 JST,1056,[JP Challenger JG] Karthus 13-5-10 - 本間心鈴#美しい虚無.mp4,https://www.youtube.com/watch?v=s1YiTcw2R5c
569568981,JP1_569568981,2026-03-09 03:40,XinZhao,ねすてぃー#7474,Challenger,14,3,10,11,19,14922,16.5,2026-03-08 21:13 JST,1078,[JP Challenger JG] XinZhao 14-3-10 - ねすてぃー#7474.mp4,https://www.youtube.com/watch?v=5Cqo0PymZpA
569583532,JP1_569583532,2026-03-09 03:15,JarvanIV,Ankochan#20y,Challenger,9,6,15,67,51,18639,16.5,2026-03-08 22:05 JST,1745,[JP Challenger JG] JarvanIV 9-6-15 - Ankochan#20y.mp4,https://www.youtube.com/watch?v=-2mwx0Ez-SM
569598005,JP1_569598005,2026-03-09 02:35,Zyra,くるみかん#123,Challenger,1,0,4,1,12,6538,16.5,2026-03-08 22:51 JST,681,[JP Challenger JG] Zyra 1-0-4 - くるみかん#123.mp4,https://www.youtube.com/watch?v=9dCrKyr13Lg
569640503,JP1_569640503,2026-03-10 03:10,Qiyana,773#ナナミ,Challenger,12,0,3,27,16,12324,16.5,2026-03-09 02:17 JST,826,[JP Challenger JG] Qiyana 12-0-3 - 773#ナナミ.mp4,https://www.youtube.com/watch?v=NvCSFob7nFU
569699842,JP1_569699842,2026-03-10 02:51,Talon,I Am AtomiK#シャドウ,Challenger,9,10,10,41,39,17174,16.5,2026-03-09 16:32 JST,1571,[JP Challenger JG] Talon 9-10-10 - I Am AtomiK#シャドウ.mp4,https://www.youtube.com/watch?v=mUFvRlbHY-g
569717862,JP1_569717862,2026-03-10 02:15,Skarner,gaman#7897,Challenger,4,0,7,15,52,10603,16.5,2026-03-09 18:51 JST,1101,[JP Challenger JG] Skarner 4-0-7 - gaman#7897.mp4,https://www.youtube.com/watch?v=1EdB_hWKLXY
569735599,JP1_569735599,2026-03-10 01:49,Zaahen,Ankochan#20y,Challenger,8,4,17,62,52,18864,16.5,2026-03-09 20:37 JST,1601,[JP Challenger JG] Zaahen 8-4-17 - Ankochan#20y.mp4,https://www.youtube.com/watch?v=yuguGIDDjUg
569742295,JP1_569742295,2026-03-10 01:12,LeeSin,May#0823,Challenger,18,0,8,30,34,14400,16.5,2026-03-09 21:05 JST,994,[JP Challenger JG] LeeSin 18-0-8 - May#0823.mp4,https://www.youtube.com/watch?v=qvVDg3mfpvM
569763939,JP1_569763939,2026-03-10 00:49,Taliyah,定风波#520,Challenger,19,3,7,48,35,18593,16.5,2026-03-09 22:30 JST,1350,[JP Challenger JG] Taliyah 19-3-7 - 定风波#520.mp4,https://www.youtube.com/watch?v=j1Lot2-eDiA
569809142,JP1_569809142,2026-03-11 04:34,JarvanIV,BC EL#JP1,Challenger,3,0,13,34,44,12606,16.5,2026-03-10 01:39 JST,1047,[JP Challenger JG] JarvanIV 3-0-13 - BC EL#JP1.mp4,
569812259,JP1_569812259,2026-03-11 04:09,Taliyah,Ankochan#20y,Challenger,6,1,12,34,40,12612,16.5,2026-03-10 02:02 JST,1091,[JP Challenger JG] Taliyah 6-1-12 - Ankochan#20y.mp4,https://www.youtube.com/watch?v=6Aif9pGM4q0
569823819,JP1_569823819,2026-03-11 03:44,Karthus,本間心鈴#美しい虚無,Challenger,17,8,14,54,47,21714,16.5,2026-03-10 04:35 JST,1893,[JP Challenger JG] Karthus 17-8-14 - 本間心鈴#美しい虚無.mp4,https://www.youtube.com/watch?v=XOTtdL9aR_Q
569829637,JP1_569829637,2026-03-11 03:00,Gwen,ShadowIsles0#JP1,Challenger,2,1,5,3,19,7633,16.5,2026-03-10 06:23 JST,756,[JP Challenger JG] Gwen 2-1-5 - ShadowIsles0#JP1.mp4,https://www.youtube.com/watch?v=YBlN5_yo5VY
569867648,JP1_569867648,2026-03-11 02:42,Ambessa,773#ナナミ,Challenger,14,8,5,36,27,18224,16.5,2026-03-10 15:27 JST,1443,[JP Challenger JG] Ambessa 14-8-5 - 773#ナナミ.mp4,https://www.youtube.com/watch?v=aoEmDMTBiDA
569874697,JP1_569874697,2026-03-11 02:09,Taliyah,定风波#520,Challenger,6,5,9,26,51,15306,16.5,2026-03-10 16:27 JST,1494,[JP Challenger JG] Taliyah 6-5-9 - 定风波#520.mp4,https://www.youtube.com/watch?v=qgJZlNcgekQ
569946168,JP1_569946168,2026-03-11 01:34,Skarner,gaman#7897,Challenger,5,1,15,14,25,10875,16.5,2026-03-10 22:37 JST,1070,[JP Challenger JG] Skarner 5-1-15 - gaman#7897.mp4,https://www.youtube.com/watch?v=CJnkh6nIdcM
569997958,JP1_569997958,2026-03-12 03:17,JarvanIV,青春禁止#JP1,Challenger,10,1,7,15,19,12162,16.5,2026-03-11 02:51 JST,916,[JP Challenger JG] JarvanIV 10-1-7 - 青春禁止#JP1.mp4,
570037362,JP1_570037362,2026-03-12 02:55,Talon,May#0823,Challenger,5,0,6,31,12,8247,16.5,2026-03-11 12:30 JST,682,[JP Challenger JG] Talon 5-0-6 - May#0823.mp4,https://www.youtube.com/watch?v=zTphQOTq3hs
570041260,JP1_570041260,2026-03-12 02:39,Sylas,773#ナナミ,Challenger,16,2,10,63,31,19965,16.5,2026-03-11 13:26 JST,1336,[JP Challenger JG] Sylas 16-2-10 - 773#ナナミ.mp4,https://www.youtube.com/watch?v=by2mvUV1S5A
570084624,JP1_570084624,2026-03-12 02:08,Zaahen,Ankochan#20y,Challenger,10,3,8,32,27,12790,16.5,2026-03-11 19:14 JST,1101,[JP Challenger JG] Zaahen 10-3-8 - Ankochan#20y.mp4,https://www.youtube.com/watch?v=LV0zFgYWfKo
570104589,JP1_570104589,2026-03-12 01:12,Khazix,Father of china#2302,Challenger,7,1,14,28,42,15811,16.5,2026-03-11 21:07 JST,1345,[JP Challenger JG] Khazix 7-1-14 - Father of china#2302.mp4,https://www.youtube.com/watch?v=YqSPSnuFBzM
570105335,JP1_570105335,2026-03-12 01:42,Viego,白鶴仙童#MYZZ,Challenger,12,3,4,21,44,15655,16.5,2026-03-11 21:05 JST,1321,[JP Challenger JG] Viego 12-3-4 - 白鶴仙童#MYZZ.mp4,https://www.youtube.com/watch?v=eaz89NQ-4lw
570136055,JP1_570136055,2026-03-12 00:40,Nidalee,BC EL#JP1,Challenger,7,0,3,18,24,7561,16.5,2026-03-11 22:57 JST,695,[JP Challenger JG] Nidalee 7-0-3 - BC EL#JP1.mp4,https://www.youtube.com/watch?v=8R1b4Y2FxDw
570174344,JP1_570174344,2026-03-13 05:54,RekSai,ShadowIsles0#JP1,Challenger,10,1,12,21,39,14467,16.5,2026-03-12 01:59 JST,1337,[JP Challenger JG] RekSai 10-1-12 - ShadowIsles0#JP1.mp4,
570178398,JP1_570178398,2026-03-13 05:23,Vi,Ankochan#20y,Challenger,9,1,13,20,34,12336,16.5,2026-03-12 02:27 JST,1038,[JP Challenger JG] Vi 9-1-13 - Ankochan#20y.mp4,
570180609,JP1_570180609,2026-03-13 04:58,Viego,青春禁止#JP1,Challenger,5,1,8,22,30,12284,16.5,2026-03-12 02:56 JST,1125,[JP Challenger JG] Viego 5-1-8 - 青春禁止#JP1.mp4,
570217329,JP1_570217329,2026-03-13 04:32,Zaahen,ねすてぃー#7777,Challenger,6,0,7,13,20,11058,16.5,2026-03-12 13:32 JST,932,[JP Challenger JG] Zaahen 6-0-7 - ねすてぃー#7777.mp4,
570220180,JP1_570220180,2026-03-13 04:10,Viego,ねすてぃー#7474,Challenger,13,6,10,17,23,15639,16.5,2026-03-12 13:59 JST,1238,[JP Challenger JG] Viego 13-6-10 - ねすてぃー#7474.mp4,
570250043,JP1_570250043,2026-03-13 03:42,Jax,Father of china#2302,Challenger,3,1,8,18,33,10897,16.5,2026-03-12 18:17 JST,1077,[JP Challenger JG] Jax 3-1-8 - Father of china#2302.mp4,https://www.youtube.com/watch?v=lW7VnJOeTKM
570265770,JP1_570265770,2026-03-13 03:17,Rengar,白鶴仙童#MYZZ,Challenger,7,1,11,8,18,9512,16.5,2026-03-12 20:15 JST,834,[JP Challenger JG] Rengar 7-1-11 - 白鶴仙童#MYZZ.mp4,https://www.youtube.com/watch?v=lasc0vyKFfg
570267482,JP1_570267482,2026-03-13 02:57,Briar,loselinelosegame#999,Challenger,19,1,6,60,45,20902,16.5,2026-03-12 20:22 JST,1442,[JP Challenger JG] Briar 19-1-6 - loselinelosegame#999.mp4,https://www.youtube.com/watch?v=ZRmyoNPiFYY
570274141,JP1_570274141,2026-03-13 02:23,Rengar,Badao1102c#2302,Challenger,19,12,11,56,52,27715,16.5,2026-03-12 20:51 JST,2038,[JP Challenger JG] Rengar 19-12-11 - Badao1102c#2302.mp4,https://www.youtube.com/watch?v=SIUzGIUiBqQ
570315274,JP1_570315274,2026-03-13 01:37,Fizz,CTRLME#77777,Challenger,7,0,7,30,15,10256,16.5,2026-03-12 23:31 JST,947,[JP Challenger JG] Fizz 7-0-7 - CTRLME#77777.mp4,https://www.youtube.com/watch?v=fs_guK9jT-4
570320594,JP1_570320594,2026-03-13 01:14,LeeSin,May#0823,Challenger,4,0,6,19,22,8641,16.5,2026-03-12 23:55 JST,833,[JP Challenger JG] LeeSin 4-0-6 - May#0823.mp4,https://www.youtube.com/watch?v=EG58eomA4jQ
570330850,JP1_570330850,2026-03-14 03:33,Jayce,白鶴仙童#MYZZ,Challenger,12,2,9,26,23,16892,16.5,2026-03-13 00:41 JST,1163,[JP Challenger JG] Jayce 12-2-9 - 白鶴仙童#MYZZ.mp4,
570365303,JP1_570365303,2026-03-14 03:06,Karthus,本間心鈴#美しい虚無,Challenger,22,2,10,45,26,19189,16.5,2026-03-13 07:40 JST,1199,[JP Challenger JG] Karthus 22-2-10 - 本間心鈴#美しい虚無.mp4,
570383000,JP1_570383000,2026-03-14 02:38,Viego,May#0823,Challenger,11,1,9,22,36,13390,16.5,2026-03-13 13:04 JST,1124,[JP Challenger JG] Viego 11-1-9 - May#0823.mp4,
570405748,JP1_570405748,2026-03-14 02:12,Ambessa,Ankochan#20y,Challenger,4,2,10,19,25,10336,16.5,2026-03-13 16:44 JST,932,[JP Challenger JG] Ambessa 4-2-10 - Ankochan#20y.mp4,
570420156,JP1_570420156,2026-03-14 01:50,Lillia,CTRLME#77777,Challenger,13,0,12,55,21,17992,16.5,2026-03-13 18:28 JST,1170,[JP Challenger JG] Lillia 13-0-12 - CTRLME#77777.mp4,https://www.youtube.com/watch?v=D62yaPGDM08
570443437,JP1_570443437,2026-03-14 01:23,LeeSin,Minato aqua#ski,Challenger,13,0,11,30,18,13257,16.5,2026-03-13 21:00 JST,955,[JP Challenger JG] LeeSin 13-0-11 - Minato aqua#ski.mp4,https://www.youtube.com/watch?v=ge_V9tjBiPc
570470098,JP1_570470098,2026-03-14 01:00,FiddleSticks,hedonistic#JP1,Challenger,3,0,5,9,31,6454,16.5,2026-03-13 22:42 JST,682,[JP Challenger JG] FiddleSticks 3-0-5 - hedonistic#JP1.mp4,https://www.youtube.com/watch?v=RZyhqSdTwIU
570474623,JP1_570474623,2026-03-14 00:44,Rengar,Badao1102c#2302,Challenger,13,2,8,48,32,14372,16.5,2026-03-13 23:01 JST,1206,[JP Challenger JG] Rengar 13-2-8 - Badao1102c#2302.mp4,https://www.youtube.com/watch?v=HZNzlS6Ux5o
570564941,JP1_570564941,2026-03-15 10:02,Rengar,Badao1102c#2302,Challenger,15,3,6,30,22,16665,16.5,2026-03-14 11:35 JST,1199,[JP Challenger JG] Rengar 15-3-6 - Badao1102c#2302.mp4,https://www.youtube.com/watch?v=vzgVJa_AC8s
570573152,JP1_570573152,2026-03-15 09:34,Taliyah,定风波#520,Challenger,10,5,12,35,43,14401,16.5,2026-03-14 12:40 JST,1193,[JP Challenger JG] Taliyah 10-5-12 - 定风波#520.mp4,https://www.youtube.com/watch?v=vPfQ8N0w_Y8
570586381,JP1_570586381,2026-03-15 09:06,LeeSin,May#0823,Challenger,8,5,17,18,42,14105,16.5,2026-03-14 14:20 JST,1375,[JP Challenger JG] LeeSin 8-5-17 - May#0823.mp4,https://www.youtube.com/watch?v=LyXpOgLxD9U
570605461,JP1_570605461,2026-03-15 08:34,Viego,豊川祥子ノ超超超超時空裁決喵#惹啊啊啊啊,Challenger,11,2,3,32,25,13837,16.5,2026-03-14 16:19 JST,941,[JP Challenger JG] Viego 11-2-3 - 豊川祥子ノ超超超超時空裁決喵#惹啊啊啊啊.mp4,
570609917,JP1_570609917,2026-03-15 08:12,Viego,白鶴仙童#MYZZ,Challenger,20,8,8,35,50,24700,16.5,2026-03-14 16:43 JST,1815,[JP Challenger JG] Viego 20-8-8 - 白鶴仙童#MYZZ.mp4,
570612823,JP1_570612823,2026-03-15 07:30,Lillia,BC EL#JP1,Challenger,13,0,10,42,33,14330,16.5,2026-03-14 16:57 JST,1071,[JP Challenger JG] Lillia 13-0-10 - BC EL#JP1.mp4,
570620343,JP1_570620343,2026-03-15 07:06,Briar,loselinelosegame#999,Challenger,11,0,9,23,27,15973,16.5,2026-03-14 17:38 JST,1161,[JP Challenger JG] Briar 11-0-9 - loselinelosegame#999.mp4,
570649433,JP1_570649433,2026-03-15 06:39,Hecarim,本間心鈴#美しい虚無,Challenger,8,1,6,13,15,8295,16.5,2026-03-14 20:18 JST,697,[JP Challenger JG] Hecarim 8-1-6 - 本間心鈴#美しい虚無.mp4,https://www.youtube.com/watch?v=TGs1Yo7mlBk
570687165,JP1_570687165,2026-03-15 06:22,Gwen,CTRLME#77777,Challenger,8,3,12,32,37,16113,16.5,2026-03-14 22:49 JST,1229,[JP Challenger JG] Gwen 8-3-12 - CTRLME#77777.mp4,https://www.youtube.com/watch?v=38UmJ2DUvIw
570695268,JP1_570695268,2026-03-15 05:53,Sylas,ShadowIsles0#JP1,Challenger,13,2,13,18,19,14553,16.5,2026-03-14 23:19 JST,1154,[JP Challenger JG] Sylas 13-2-13 - ShadowIsles0#JP1.mp4,https://www.youtube.com/watch?v=N7JExQz_oaw
570729407,JP1_570729407,2026-03-16 05:25,Briar,loselinelosegame#999,Challenger,10,3,8,14,37,16324,16.5,2026-03-15 01:26 JST,1355,[JP Challenger JG] Briar 10-3-8 - loselinelosegame#999.mp4,https://www.youtube.com/watch?v=Am-fCkWKwBA
570744197,JP1_570744197,2026-03-15 05:27,Graves,Ankochan#20y,Challenger,10,4,4,67,27,15795,16.5,2026-03-15 02:41 JST,1282,[JP Challenger JG] Graves 10-4-4 - Ankochan#20y.mp4,https://www.youtube.com/watch?v=SKEpXvxtymE
570745530,JP1_570745530,2026-03-15 04:57,FiddleSticks,大小姐驾到#Molly,Challenger,7,2,18,19,51,12883,16.5,2026-03-15 02:49 JST,1099,[JP Challenger JG] FiddleSticks 7-2-18 - 大小姐驾到#Molly.mp4,https://www.youtube.com/watch?v=hQbSKmJLt78
570747191,JP1_570747191,2026-03-15 04:31,LeeSin,Minato aqua#ski,Challenger,10,3,11,13,36,13666,16.5,2026-03-15 03:01 JST,1229,[JP Challenger JG] LeeSin 10-3-11 - Minato aqua#ski.mp4,https://www.youtube.com/watch?v=OgjxkRPbK48
570774678,JP1_570774678,2026-03-16 04:28,Gwen,I Am AtomiK#シャドウ,Challenger,16,8,7,54,25,21158,16.5,2026-03-15 10:01 JST,1454,[JP Challenger JG] Gwen 16-8-7 - I Am AtomiK#シャドウ.mp4,
570775168,JP1_570775168,2026-03-16 04:54,Taliyah,定风波#520,Challenger,4,3,13,27,27,12147,16.5,2026-03-15 09:48 JST,1108,[JP Challenger JG] Taliyah 4-3-13 - 定风波#520.mp4,https://www.youtube.com/watch?v=xtKAc_LOutI
570782539,JP1_570782539,2026-03-16 03:54,Viego,May#0823,Challenger,12,3,9,37,45,16417,16.5,2026-03-15 11:28 JST,1521,[JP Challenger JG] Viego 12-3-9 - May#0823.mp4,
570783628,JP1_570783628,2026-03-16 03:19,Karthus,本間心鈴#美しい虚無,Challenger,6,3,9,33,33,13508,16.5,2026-03-15 11:36 JST,1165,[JP Challenger JG] Karthus 6-3-9 - 本間心鈴#美しい虚無.mp4,
570792212,JP1_570792212,2026-03-16 02:52,LeeSin,Ankochan#20y,Challenger,5,0,4,6,22,9133,16.5,2026-03-15 12:45 JST,879,[JP Challenger JG] LeeSin 5-0-4 - Ankochan#20y.mp4,
570794275,JP1_570794275,2026-03-16 02:31,Rengar,Badao1102c#2302,Challenger,14,10,11,59,40,18519,16.5,2026-03-15 13:06 JST,1597,[JP Challenger JG] Rengar 14-10-11 - Badao1102c#2302.mp4,
570843890,JP1_570843890,2026-03-16 01:54,Hecarim,CTRLME#77777,Challenger,8,0,8,21,19,11249,16.5,2026-03-15 17:42 JST,918,[JP Challenger JG] Hecarim 8-0-8 - CTRLME#77777.mp4,
570911857,JP1_570911857,2026-03-16 01:33,Kayn,ShadowIsles0#JP1,Challenger,6,0,5,6,18,10412,16.5,2026-03-15 22:51 JST,819,[JP Challenger JG] Kayn 6-0-5 - ShadowIsles0#JP1.mp4,https://www.youtube.com/watch?v=Z8h4wqw7_Eo
570966473,JP1_570966473,,FiddleSticks,hedonistic#JP1,Challenger,9,0,8,22,76,12109,16.5,2026-03-16 04:22 JST,,,
570978229,JP1_570978229,,Karthus,senzawa#JP1,Challenger,12,3,11,37,31,17752,16.5,2026-03-16 08:58 JST,,,
570993816,JP1_570993816,,Kayn,ShadowIsles0#JP1,Challenger,14,4,8,29,36,20447,16.5,2026-03-16 13:21 JST,,,
570994130,JP1_570994130,,Graves,ONCE#JP1,Challenger,9,1,8,24,18,10475,16.5,2026-03-16 13:00 JST,,,
571002819,JP1_571002819,,Viego,ねすてぃー#7474,Challenger,7,2,4,11,24,8953,16.5,2026-03-16 15:00 JST,,,
571022732,JP1_571022732,,Taliyah,定风波#520,Challenger,5,0,5,3,7,7325,16.5,2026-03-16 17:48 JST,,,
571037087,JP1_571037087,,Viego,CTRLME#77777,Challenger,18,1,7,48,36,18087,16.5,2026-03-16 19:24 JST,,,
571037535,JP1_571037535,,Viego,大小姐驾到#Molly,Challenger,17,1,3,19,20,15903,16.5,2026-03-16 19:31 JST,,,
571062730,JP1_571062730,,Nidalee,BC EL#JP1,Challenger,16,1,12,51,59,19632,16.5,2026-03-16 21:32 JST,,,
571087919,JP1_571087919,2026-03-17 01:15,LeeSin,May#0823,Challenger,13,0,11,24,31,12775,16.5,2026-03-16 23:03 JST,986,[JP Challenger JG] LeeSin 13-0-11 - May#0823.mp4,https://www.youtube.com/watch?v=JxCoTmunfn8
571140576,JP1_571140576,2026-03-18 01:27,Kayn,ShadowIsles0#JP1,Challenger,8,1,3,53,23,16808,16.5,2026-03-17 04:45 JST,1298,[JP Challenger JG] Kayn 8-1-3 - ShadowIsles0#JP1.mp4,https://www.youtube.com/watch?v=yUiMIl72L_E
571142245,JP1_571142245,2026-03-18 01:56,LeeSin,BC EL#JP1,Challenger,18,2,8,64,43,19041,16.5,2026-03-17 05:16 JST,1260,[JP Challenger JG] LeeSin 18-2-8 - BC EL#JP1.mp4,https://www.youtube.com/watch?v=figWYyfxpBg
571157755,JP1_571157755,2026-03-18 02:29,Nidalee,定风波#520,Challenger,13,7,9,31,40,16269,16.5,2026-03-17 11:14 JST,1419,[JP Challenger JG] Nidalee 13-7-9 - 定风波#520.mp4,https://www.youtube.com/watch?v=bYUXpUxepgg
571168368,JP1_571168368,2026-03-18 02:50,Hecarim,本間心鈴#美しい虚無,Challenger,8,4,5,11,19,9933,16.5,2026-03-17 13:13 JST,895,[JP Challenger JG] Hecarim 8-4-5 - 本間心鈴#美しい虚無.mp4,https://www.youtube.com/watch?v=UH_PGS02DTo
571171084,JP1_571171084,2026-03-18 03:10,LeeSin,May#0823,Challenger,9,1,6,3,25,9170,16.5,2026-03-17 13:40 JST,856,[JP Challenger JG] LeeSin 9-1-6 - May#0823.mp4,https://www.youtube.com/watch?v=0hjMeC7o9B4
571177150,JP1_571177150,,JarvanIV,ONCE#JP1,Challenger,7,0,8,35,25,9720,16.5,2026-03-17 14:41 JST,,,
571186995,JP1_571186995,,Zaahen,ねすてぃー#7777,Challenger,12,1,16,30,27,16353,16.5,2026-03-17 16:23 JST,,,
571192606,JP1_571192606,,Nidalee,大小姐驾到#Molly,Challenger,18,3,15,41,34,19518,16.5,2026-03-17 17:04 JST,,,
571223684,JP1_571223684,,Zaahen,ねすてぃー#7474,Challenger,7,3,12,15,29,13592,16.5,2026-03-17 20:43 JST,,,
571254682,JP1_571254682,,Nidalee,CTRLME#77777,Challenger,3,1,12,28,30,12483,16.5,2026-03-17 22:41 JST,,,
571355330,JP1_571355330,2026-03-19 05:38,Talon,BC EL#JP1,Challenger,5,1,2,3,25,9333,16.6,2026-03-18 15:17 JST,903,[JP Challenger JG] Talon 5-1-2 - BC EL#JP1.mp4,
571364393,JP1_571364393,2026-03-19 05:17,JarvanIV,ONCE#JP1,Challenger,12,5,17,34,37,16703,16.6,2026-03-18 16:26 JST,1210,[JP Challenger JG] JarvanIV 12-5-17 - ONCE#JP1.mp4,https://www.youtube.com/watch?v=rO0TaxMb5HU
571370344,JP1_571370344,2026-03-19 04:49,Sylas,May#0823,Challenger,10,1,3,7,13,9320,16.6,2026-03-18 17:08 JST,682,[JP Challenger JG] Sylas 10-1-3 - May#0823.mp4,https://www.youtube.com/watch?v=589IZcLuqnw
571385533,JP1_571385533,2026-03-19 04:33,Viego,白鶴仙童#MYZZ,Challenger,11,1,4,11,25,11114,16.6,2026-03-18 18:44 JST,827,[JP Challenger JG] Viego 11-1-4 - 白鶴仙童#MYZZ.mp4,https://www.youtube.com/watch?v=KJFFs05IzNg
571420012,JP1_571420012,2026-03-19 04:14,Karthus,CTRLME#77777,Challenger,11,0,4,9,14,9713,16.6,2026-03-18 21:23 JST,682,[JP Challenger JG] Karthus 11-0-4 - CTRLME#77777.mp4,https://www.youtube.com/watch?v=of2HKi3PO6o
571458653,JP1_571458653,2026-03-19 03:57,Zaahen,Dopaminw#OUI,Challenger,13,5,11,52,37,18890,16.6,2026-03-18 23:34 JST,1738,[JP Challenger JG] Zaahen 13-5-11 - Dopaminw#OUI.mp4,https://www.youtube.com/watch?v=J9wfGcOBk0o
571483502,JP1_571483502,2026-03-19 03:17,LeeSin,いい夢見てね#おやすみ,Challenger,14,1,6,22,41,14713,16.6,2026-03-19 01:10 JST,1147,[JP Challenger JG] LeeSin 14-1-6 - いい夢見てね#おやすみ.mp4,https://www.youtube.com/watch?v=tL5AFgRuPnI
571511805,JP1_571511805,2026-03-20 09:51,Graves,senzawa#JP1,Challenger,9,1,3,44,30,14576,16.6,2026-03-19 05:50 JST,1050,[JP Challenger JG] Graves 9-1-3 - senzawa#JP1.mp4,https://www.youtube.com/watch?v=39utBVyZdQo
571538092,JP1_571538092,2026-03-20 09:26,Zaahen,Dopaminw#OUI,Challenger,4,0,3,3,17,6813,16.6,2026-03-19 12:55 JST,697,[JP Challenger JG] Zaahen 4-0-3 - Dopaminw#OUI.mp4,https://www.youtube.com/watch?v=a8yvAkKLC8w
571545900,JP1_571545900,2026-03-20 09:10,Taliyah,定风波#520,Challenger,14,5,8,30,31,16259,16.6,2026-03-19 14:36 JST,1475,[JP Challenger JG] Taliyah 14-5-8 - 定风波#520.mp4,https://www.youtube.com/watch?v=e1Sh3GAx37Y
571549870,JP1_571549870,2026-03-20 08:35,Ambessa,いい夢見てね#おやすみ,Challenger,10,0,7,26,37,15727,16.6,2026-03-19 15:08 JST,1287,[JP Challenger JG] Ambessa 10-0-7 - いい夢見てね#おやすみ.mp4,
571561968,JP1_571561968,2026-03-20 08:05,Nidalee,BC EL#JP1,Challenger,15,3,14,27,30,16476,16.6,2026-03-19 16:42 JST,1170,[JP Challenger JG] Nidalee 15-3-14 - BC EL#JP1.mp4,
571569851,JP1_571569851,2026-03-20 07:38,Graves,Father of china#2302,Challenger,17,2,10,119,68,25079,16.6,2026-03-19 17:37 JST,1699,[JP Challenger JG] Graves 17-2-10 - Father of china#2302.mp4,
571574059,JP1_571574059,2026-03-20 06:59,JarvanIV,ONCE#JP1,Challenger,7,1,10,27,34,11633,16.6,2026-03-19 17:52 JST,958,[JP Challenger JG] JarvanIV 7-1-10 - ONCE#JP1.mp4,
571603544,JP1_571603544,2026-03-20 06:37,XinZhao,Chisa#1130,Challenger,7,0,14,22,36,13872,16.6,2026-03-19 21:01 JST,1190,[JP Challenger JG] XinZhao 7-0-14 - Chisa#1130.mp4,https://www.youtube.com/watch?v=HcIrEYucxmk
571620777,JP1_571620777,2026-03-20 06:09,Khazix,Badao1102c#2302,Challenger,10,3,5,49,24,17645,16.6,2026-03-19 22:06 JST,1430,[JP Challenger JG] Khazix 10-3-5 - Badao1102c#2302.mp4,https://www.youtube.com/watch?v=3zBYmUfSK7k
571622559,JP1_571622559,2026-03-20 05:36,Jayce,May#0823,Challenger,11,2,11,43,79,19364,16.6,2026-03-19 22:09 JST,1670,[JP Challenger JG] Jayce 11-2-11 - May#0823.mp4,https://www.youtube.com/watch?v=agOIsgQFT2o
571628830,JP1_571628830,2026-03-20 04:57,Graves,ジェンジーグローバルアカデミー#Foe,Challenger,17,2,6,45,19,17750,16.6,2026-03-19 22:32 JST,1087,[JP Challenger JG] Graves 17-2-6 - ジェンジーグローバルアカデミー#Foe.mp4,https://www.youtube.com/watch?v=d6UU2j6A4fs
571663116,JP1_571663116,2026-03-20 04:32,Viego,CTRLME#77777,Challenger,8,1,3,14,15,9679,16.6,2026-03-20 00:30 JST,699,[JP Challenger JG] Viego 8-1-3 - CTRLME#77777.mp4,https://www.youtube.com/watch?v=ehMmt4k8eC4
571667876,JP1_571667876,2026-03-20 04:15,Nidalee,Ankochan#20y,Challenger,8,1,2,9,11,8257,16.6,2026-03-20 00:54 JST,682,[JP Challenger JG] Nidalee 8-1-2 - Ankochan#20y.mp4,https://www.youtube.com/watch?v=C97iP9oZpa0
571721719,JP1_571721719,2026-03-21 15:04,Nidalee,BC EL#JP1,Challenger,16,0,13,36,39,15995,16.6,2026-03-20 10:19 JST,1146,[JP Challenger JG] Nidalee 16-0-13 - BC EL#JP1.mp4,
571729112,JP1_571729112,2026-03-21 14:37,JarvanIV,ONCE#JP1,Challenger,8,2,11,19,21,13132,16.6,2026-03-20 11:34 JST,1051,[JP Challenger JG] JarvanIV 8-2-11 - ONCE#JP1.mp4,
571744755,JP1_571744755,2026-03-21 14:12,Khazix,Father of china#2302,Challenger,8,5,6,20,38,15925,16.6,2026-03-20 13:59 JST,1262,[JP Challenger JG] Khazix 8-5-6 - Father of china#2302.mp4,
571763378,JP1_571763378,2026-03-21 13:43,Karthus,senzawa#JP1,Challenger,17,9,14,20,23,18200,16.6,2026-03-20 15:43 JST,1492,[JP Challenger JG] Karthus 17-9-14 - senzawa#JP1.mp4,
571767999,JP1_571767999,2026-03-21 13:08,Nidalee,定风波#520,Challenger,13,1,10,20,25,15752,16.6,2026-03-20 16:18 JST,1279,[JP Challenger JG] Nidalee 13-1-10 - 定风波#520.mp4,
571782250,JP1_571782250,2026-03-21 12:39,Nocturne,Ankochan#20y,Challenger,8,1,8,16,26,12014,16.6,2026-03-20 17:27 JST,1007,[JP Challenger JG] Nocturne 8-1-8 - Ankochan#20y.mp4,
571792814,JP1_571792814,2026-03-21 12:15,LeeSin,May#0823,Challenger,4,0,2,2,19,6911,16.6,2026-03-20 18:37 JST,684,[JP Challenger JG] LeeSin 4-0-2 - May#0823.mp4,
571833750,JP1_571833750,2026-03-21 11:59,Zyra,くるみかん#123,Challenger,7,4,19,14,58,16147,16.6,2026-03-20 21:51 JST,1361,[JP Challenger JG] Zyra 7-4-19 - くるみかん#123.mp4,https://www.youtube.com/watch?v=2lwxwsHhfI4
571880316,JP1_571880316,2026-03-21 11:27,Rengar,Badao1102c#2302,Challenger,15,1,8,30,17,14438,16.6,2026-03-21 00:32 JST,1015,[JP Challenger JG] Rengar 15-1-8 - Badao1102c#2302.mp4,https://www.youtube.com/watch?v=ZpAUIy4L044
571887047,JP1_571887047,2026-03-21 11:04,Ambessa,白鶴仙童#MYZZ,Challenger,8,2,9,12,23,14498,16.6,2026-03-21 00:57 JST,1215,[JP Challenger JG] Ambessa 8-2-9 - 白鶴仙童#MYZZ.mp4,https://www.youtube.com/watch?v=bu04uZFlEb4
571899689,JP1_571899689,2026-03-21 10:35,XinZhao,Fa J#6115,Challenger,11,3,11,24,49,17339,16.6,2026-03-21 02:04 JST,1477,[JP Challenger JG] XinZhao 11-3-11 - Fa J#6115.mp4,https://www.youtube.com/watch?v=3OpccyPlkAo
571904547,JP1_571904547,2026-03-21 10:01,LeeSin,Chisa#1130,Challenger,8,3,14,38,50,15897,16.6,2026-03-21 02:32 JST,1463,[JP Challenger JG] LeeSin 8-3-14 - Chisa#1130.mp4,https://www.youtube.com/watch?v=E2H2DSctGFk
571921180,JP1_571921180,2026-03-21 09:27,Ambessa,いい夢見てね#おやすみ,Challenger,11,1,9,34,27,14584,16.6,2026-03-21 05:21 JST,983,[JP Challenger JG] Ambessa 11-1-9 - いい夢見てね#おやすみ.mp4,https://www.youtube.com/watch?v=kilj2HMsRk0
572302094,JP1_572302094,2026-03-24 06:06,Zed,Schwarz#neko,Challenger,17,5,7,29,30,17839,16.6,2026-03-22 23:34 JST,1327,[JP Challenger JG] Zed 17-5-7 - Schwarz#neko.mp4,
572322796,JP1_572322796,2026-03-24 05:35,Khazix,sigyn#1905,Challenger,5,1,5,4,14,6847,16.6,2026-03-23 01:10 JST,696,[JP Challenger JG] Khazix 5-1-5 - sigyn#1905.mp4,
572331339,JP1_572331339,2026-03-24 05:19,Talon,BC EL#JP1,Challenger,7,1,11,27,54,17518,16.6,2026-03-23 01:59 JST,1312,[JP Challenger JG] Talon 7-1-11 - BC EL#JP1.mp4,
572347566,JP1_572347566,2026-03-24 04:48,Zaahen,ねすてぃー#7474,Challenger,6,0,1,15,19,7801,16.6,2026-03-23 05:36 JST,689,[JP Challenger JG] Zaahen 6-0-1 - ねすてぃー#7474.mp4,
572353252,JP1_572353252,2026-03-24 04:32,Ambessa,いい夢見てね#おやすみ,Challenger,12,1,9,15,17,13797,16.6,2026-03-23 07:44 JST,1001,[JP Challenger JG] Ambessa 12-1-9 - いい夢見てね#おやすみ.mp4,
572368944,JP1_572368944,2026-03-24 03:42,Graves,ONCE#JP1,Challenger,9,3,9,46,46,16807,16.6,2026-03-23 12:29 JST,1284,[JP Challenger JG] Graves 9-3-9 - ONCE#JP1.mp4,
572369924,JP1_572369924,2026-03-24 04:09,Talon,May#0823,Challenger,14,1,6,20,28,17998,16.6,2026-03-23 12:29 JST,1132,[JP Challenger JG] Talon 14-1-6 - May#0823.mp4,
572371867,JP1_572371867,2026-03-24 03:13,RekSai,ぴょんしんゲーミング#ぴょんLん,Challenger,8,3,12,18,8,10449,16.6,2026-03-23 13:02 JST,1017,[JP Challenger JG] RekSai 8-3-12 - ぴょんしんゲーミング#ぴょんLん.mp4,
572385768,JP1_572385768,2026-03-24 02:49,Viego,Father of china#2302,Challenger,23,9,8,54,34,22780,16.6,2026-03-23 15:05 JST,1441,[JP Challenger JG] Viego 23-9-8 - Father of china#2302.mp4,
572388430,JP1_572388430,2026-03-24 02:16,LeeSin,Ankochan#20y,Challenger,18,4,18,20,49,18797,16.6,2026-03-23 15:23 JST,1466,[JP Challenger JG] LeeSin 18-4-18 - Ankochan#20y.mp4,
572397841,JP1_572397841,2026-03-24 01:42,LeeSin,ゆにか#1122,Challenger,5,2,4,6,18,7949,16.6,2026-03-23 16:43 JST,841,[JP Challenger JG] LeeSin 5-2-4 - ゆにか#1122.mp4,https://www.youtube.com/watch?v=BCwOOcicswo
572402803,JP1_572402803,2026-03-24 01:22,Naafiri,白鶴仙童#MYZZ,Challenger,10,1,9,29,30,14549,16.6,2026-03-23 17:23 JST,1200,[JP Challenger JG] Naafiri 10-1-9 - 白鶴仙童#MYZZ.mp4,https://www.youtube.com/watch?v=RLP-WOOOIPQ
572406501,JP1_572406501,2026-03-24 00:54,Graves,Chisa#1130,Challenger,13,0,8,28,11,15207,16.6,2026-03-23 17:43 JST,1016,[JP Challenger JG] Graves 13-0-8 - Chisa#1130.mp4,https://www.youtube.com/watch?v=6oFey9cpAhw
572410155,JP1_572410155,2026-03-24 00:30,Naafiri,I Am AtomiKSword#シャドウ,Challenger,6,2,8,15,30,12075,16.6,2026-03-23 18:10 JST,1071,[JP Challenger JG] Naafiri 6-2-8 - I Am AtomiKSword#シャドウ.mp4,https://www.youtube.com/watch?v=5ReYnY9BXjI
572447239,JP1_572447239,2026-03-24 00:05,Karthus,ももです#JP2,Challenger,10,1,10,35,25,11392,16.6,2026-03-23 21:29 JST,840,[JP Challenger JG] Karthus 10-1-10 - ももです#JP2.mp4,https://www.youtube.com/watch?v=TMPRlKktYoE
572463939,JP1_572463939,2026-03-23 23:46,LeeSin,ジェンジーグローバルアカデミー#Foe,Challenger,8,0,9,21,23,10336,16.6,2026-03-23 22:31 JST,910,[JP Challenger JG] LeeSin 8-0-9 - ジェンジーグローバルアカデミー#Foe.mp4,https://www.youtube.com/watch?v=2s8PT8wSxLE
572527475,JP1_572527475,2026-03-25 11:58,Viego,sigyn#1905,Challenger,21,1,6,27,34,16857,16.6,2026-03-24 04:17 JST,1041,[JP Challenger JG] Viego 21-1-6 - sigyn#1905.mp4,https://www.youtube.com/watch?v=UivBMhaMeEc
572537921,JP1_572537921,2026-03-25 11:34,Rengar,我要验牌#十JQKA,Challenger,14,7,7,60,51,20427,16.6,2026-03-24 08:07 JST,1556,[JP Challenger JG] Rengar 14-7-7 - 我要验牌#十JQKA.mp4,https://www.youtube.com/watch?v=8Y7JgR5o7L4
572556307,JP1_572556307,2026-03-25 10:58,Naafiri,I Am AtomiK#シャドウ,Challenger,15,11,14,44,34,25091,16.6,2026-03-24 12:45 JST,2039,[JP Challenger JG] Naafiri 15-11-14 - I Am AtomiK#シャドウ.mp4,https://www.youtube.com/watch?v=5A6FJ4_ZLoo
572570437,JP1_572570437,2026-03-25 10:11,Rengar,Badao1102c#2302,Challenger,13,3,17,25,20,14867,16.6,2026-03-24 15:04 JST,1077,[JP Challenger JG] Rengar 13-3-17 - Badao1102c#2302.mp4,https://www.youtube.com/watch?v=QH81c54N73c
572576861,JP1_572576861,2026-03-25 09:46,Graves,ONCE#JP1,Challenger,18,3,7,80,73,23570,16.6,2026-03-24 16:03 JST,1590,[JP Challenger JG] Graves 18-3-7 - ONCE#JP1.mp4,https://www.youtube.com/watch?v=UTYBUSPm8Ow
572582935,JP1_572582935,2026-03-25 09:09,JarvanIV,BC EL#JP1,Challenger,11,0,21,21,33,14393,16.6,2026-03-24 16:52 JST,1147,[JP Challenger JG] JarvanIV 11-0-21 - BC EL#JP1.mp4,https://www.youtube.com/watch?v=BlK9_q4Wd_g
572584954,JP1_572584954,2026-03-25 08:07,Vi,ねすてぃー#7474,Challenger,10,4,6,22,27,15840,16.6,2026-03-24 17:09 JST,1306,[JP Challenger JG] Vi 10-4-6 - ねすてぃー#7474.mp4,
572585454,JP1_572585454,2026-03-25 08:42,RekSai,TNC Too#Kaisa,Challenger,6,4,14,54,53,15448,16.6,2026-03-24 17:03 JST,1536,[JP Challenger JG] RekSai 6-4-14 - TNC Too#Kaisa.mp4,
572588417,JP1_572588417,2026-03-25 07:37,Graves,ゆにか#1122,Challenger,19,1,8,56,50,19576,16.6,2026-03-24 17:25 JST,1308,[JP Challenger JG] Graves 19-1-8 - ゆにか#1122.mp4,
572589312,JP1_572589312,2026-03-25 07:06,LeeSin,ぴょんしんゲーミング#ぴょんLん,Challenger,10,2,9,23,25,12000,16.6,2026-03-24 17:29 JST,1139,[JP Challenger JG] LeeSin 10-2-9 - ぴょんしんゲーミング#ぴょんLん.mp4,
572590921,JP1_572590921,2026-03-25 06:40,Talon,May#0823,Challenger,13,1,7,13,40,17264,16.6,2026-03-24 17:51 JST,1254,[JP Challenger JG] Talon 13-1-7 - May#0823.mp4,https://www.youtube.com/watch?v=9gZ3h2mSXXY
572600747,JP1_572600747,2026-03-25 06:11,Viego,白鶴仙童#MYZZ,Challenger,16,1,6,11,21,13308,16.6,2026-03-24 18:54 JST,873,[JP Challenger JG] Viego 16-1-6 - 白鶴仙童#MYZZ.mp4,https://www.youtube.com/watch?v=d-gCRrDe3R8
572611142,JP1_572611142,2026-03-25 05:50,Aatrox,La pesca noce#Euw1,Challenger,4,1,13,17,41,12170,16.6,2026-03-24 19:53 JST,1201,[JP Challenger JG] Aatrox 4-1-13 - La pesca noce#Euw1.mp4,https://www.youtube.com/watch?v=kaKy6HbiQGg
572661238,JP1_572661238,2026-03-25 05:22,LeeSin,Ankochan#20y,Challenger,9,2,11,20,22,13265,16.6,2026-03-24 23:04 JST,1078,[JP Challenger JG] LeeSin 9-2-11 - Ankochan#20y.mp4,https://www.youtube.com/watch?v=-jnJYJl0iXw
572700881,JP1_572700881,2026-03-25 04:25,Naafiri,Schwarz#neko,Challenger,18,2,7,44,27,18518,16.6,2026-03-25 02:18 JST,1277,[JP Challenger JG] Naafiri 18-2-7 - Schwarz#neko.mp4,https://www.youtube.com/watch?v=tm0b5-Uycvo
572701288,JP1_572701288,2026-03-25 04:57,RekSai,Chisa#1130,Challenger,14,2,14,13,20,16583,16.6,2026-03-25 02:15 JST,1378,[JP Challenger JG] RekSai 14-2-14 - Chisa#1130.mp4,https://www.youtube.com/watch?v=kw2pDOOMVtg
572903774,JP1_572903774,,JarvanIV,sigyn#1905,Challenger,13,1,11,11,31,12320,16.6,2026-03-26 04:26 JST,,,
572918502,JP1_572918502,,Ambessa,ぴょんしんゲーミング#ぴょんLん,Challenger,13,2,3,21,13,12981,16.6,2026-03-26 09:52 JST,,,
572931146,JP1_572931146,,Talon,May#0823,Challenger,18,1,7,37,41,19111,16.6,2026-03-26 12:53 JST,,,
572942644,JP1_572942644,,LeeSin,ONCE#JP1,Challenger,10,1,3,17,12,8513,16.6,2026-03-26 14:35 JST,,,
572956435,JP1_572956435,,Evelynn,senzawa#JP1,Challenger,9,0,4,6,14,8096,16.6,2026-03-26 16:31 JST,,,
572957378,JP1_572957378,,Graves,ゆにか#1122,Challenger,9,3,10,48,34,13011,16.6,2026-03-26 16:34 JST,,,
572957927,JP1_572957927,,JarvanIV,Ankochan#20y,Challenger,9,1,11,10,26,11197,16.6,2026-03-26 16:47 JST,,,
572961221,JP1_572961221,,Ambessa,ねすてぃー#7777,Challenger,18,3,7,42,33,16173,16.6,2026-03-26 17:00 JST,,,
572961688,JP1_572961688,,Talon,BC EL#JP1,Challenger,15,3,8,45,38,13373,16.6,2026-03-26 17:11 JST,,,
572964501,JP1_572964501,,Ambessa,ももです#JP2,Challenger,9,3,10,27,36,14043,16.6,2026-03-26 17:28 JST,,,
572973529,JP1_572973529,,Aatrox,La pesca noce#Euw1,Challenger,8,3,6,10,28,9941,16.6,2026-03-26 18:31 JST,,,
572980888,JP1_572980888,,LeeSin,Chisa#1130,Challenger,15,0,11,17,31,15930,16.6,2026-03-26 19:22 JST,,,
572994380,JP1_572994380,2026-03-27 05:05,Rengar,我要验牌#十JQKA,Challenger,9,3,9,20,41,13893,16.6,2026-03-26 20:32 JST,1039,[JP Challenger JG] Rengar 9-3-9 - 我要验牌#十JQKA.mp4,https://www.youtube.com/watch?v=y5Ow5Bd8hb0
573008507,JP1_573008507,2026-03-27 04:41,Graves,Fa J#6115,Challenger,15,6,14,87,71,21152,16.6,2026-03-26 21:30 JST,1498,[JP Challenger JG] Graves 15-6-14 - Fa J#6115.mp4,https://www.youtube.com/watch?v=CinQI94Kxl0
573015321,JP1_573015321,2026-03-27 04:06,Ambessa,I Am AtomiKSword#シャドウ,Challenger,11,3,10,17,30,17267,16.6,2026-03-26 21:56 JST,1435,[JP Challenger JG] Ambessa 11-3-10 - I Am AtomiKSword#シャドウ.mp4,https://www.youtube.com/watch?v=H4_vuicjIDs
573030311,JP1_573030311,2026-03-27 03:33,Zed,Schwarz#neko,Challenger,10,8,19,15,45,17518,16.6,2026-03-26 22:46 JST,1598,[JP Challenger JG] Zed 10-8-19 - Schwarz#neko.mp4,https://www.youtube.com/watch?v=zFbyZxR9rPs
573069188,JP1_573069188,2026-03-27 02:56,Karthus,必杀技#小凌宝,Challenger,10,6,28,63,26,19492,16.6,2026-03-27 01:20 JST,1436,[JP Challenger JG] Karthus 10-6-28 - 必杀技#小凌宝.mp4,https://www.youtube.com/watch?v=qvAkvr6NbqM
573307610,JP1_573307610,,Graves,senzawa#JP1,Challenger,12,0,13,47,21,16049,16.6,2026-03-28 10:24 JST,,,
573315973,JP1_573315973,,Nocturne,ぴょんしんゲーミング#ぴょんLん,Challenger,12,3,6,26,15,15064,16.6,2026-03-28 11:45 JST,,,
573319019,JP1_573319019,,RekSai,TNC Too#Kaisa,Challenger,15,4,16,24,34,17873,16.6,2026-03-28 12:01 JST,,,
573332314,JP1_573332314,,LeeSin,May#0823,Challenger,14,1,9,32,35,14498,16.6,2026-03-28 13:47 JST,,,
573356913,JP1_573356913,,LeeSin,ONCE#JP1,Challenger,23,2,11,48,42,22331,16.6,2026-03-28 16:17 JST,,,
573364483,JP1_573364483,,DrMundo,La pesca noce#Euw1,Challenger,3,7,10,33,57,13439,16.6,2026-03-28 16:53 JST,,,
573368999,JP1_573368999,,Ambessa,ねすてぃー#7474,Challenger,11,5,5,20,39,16142,16.6,2026-03-28 17:22 JST,,,
573408321,JP1_573408321,,Aatrox,I Am AtomiKSword#シャドウ,Challenger,7,1,6,4,16,9723,16.6,2026-03-28 20:44 JST,,,
573410312,JP1_573410312,2026-03-29 09:10,Aatrox,sigyn#1905,Challenger,4,8,10,36,30,14579,16.6,2026-03-28 20:55 JST,1591,[JP Challenger JG] Aatrox 4-8-10 - sigyn#1905.mp4,
573415844,JP1_573415844,2026-03-29 08:33,Naafiri,Schwarz#neko,Challenger,5,1,9,6,20,10060,16.6,2026-03-28 21:22 JST,955,[JP Challenger JG] Naafiri 5-1-9 - Schwarz#neko.mp4,https://www.youtube.com/watch?v=Znk-X5le5K0
573422615,JP1_573422615,2026-03-29 08:11,DrMundo,Dopaminw#OUI,Challenger,4,3,7,19,36,11569,16.6,2026-03-28 21:47 JST,1247,[JP Challenger JG] DrMundo 4-3-7 - Dopaminw#OUI.mp4,https://www.youtube.com/watch?v=zvHKViHw-sA
573429647,JP1_573429647,2026-03-29 07:42,Shaco,くるみかん#123,Challenger,9,1,9,16,26,14155,16.6,2026-03-28 22:10 JST,1207,[JP Challenger JG] Shaco 9-1-9 - くるみかん#123.mp4,https://www.youtube.com/watch?v=Vm33-Re95zQ
573475443,JP1_573475443,2026-03-29 07:13,Rengar,Badao1102c#2302,Challenger,9,0,9,38,37,12950,16.6,2026-03-29 00:47 JST,1071,[JP Challenger JG] Rengar 9-0-9 - Badao1102c#2302.mp4,https://www.youtube.com/watch?v=rhuwSVGudrA
573489736,JP1_573489736,2026-03-29 06:49,LeeSin,Chisa#1130,Challenger,6,1,8,18,25,11978,16.6,2026-03-29 01:46 JST,1039,[JP Challenger JG] LeeSin 6-1-8 - Chisa#1130.mp4,https://www.youtube.com/watch?v=w-0T4M_aRwg
573501446,JP1_573501446,2026-03-29 06:24,Diana,BC EL#JP1,Challenger,10,1,7,38,25,13438,16.6,2026-03-29 02:48 JST,1008,[JP Challenger JG] Diana 10-1-7 - BC EL#JP1.mp4,https://www.youtube.com/watch?v=8BSecKj9y5A
573545921,JP1_573545921,2026-03-31 01:02,Graves,I Am AtomiKSword#シャドウ,Challenger,16,2,7,61,22,17617,16.6,2026-03-29 12:16 JST,1328,[JP Challenger JG] Graves 16-2-7 - I Am AtomiKSword#シャドウ.mp4,
573567991,JP1_573567991,,Nidalee,Ankochan#20y,Challenger,1,0,6,8,13,6382,16.6,2026-03-29 14:47 JST,,,
573583642,JP1_573583642,2026-03-30 14:59,LeeSin,ONCE#JP1,Challenger,4,3,14,13,35,10931,16.6,2026-03-29 16:10 JST,1054,[JP Challenger JG] LeeSin 4-3-14 - ONCE#JP1.mp4,
573592815,JP1_573592815,2026-03-30 14:34,RekSai,TNC Too#Kaisa,Challenger,15,3,10,20,25,16116,16.6,2026-03-29 16:56 JST,1346,[JP Challenger JG] RekSai 15-3-10 - TNC Too#Kaisa.mp4,https://www.youtube.com/watch?v=YysTG82JPjg
573634064,JP1_573634064,2026-03-30 14:03,Vi,sigyn#1905,Challenger,7,2,17,4,31,13065,16.6,2026-03-29 20:20 JST,1312,[JP Challenger JG] Vi 7-2-17 - sigyn#1905.mp4,https://www.youtube.com/watch?v=NCkAegAS8kQ
573637119,JP1_573637119,2026-03-30 13:33,Naafiri,I Am AtomiK#シャドウ,Challenger,13,6,11,19,23,15160,16.6,2026-03-29 20:33 JST,1141,[JP Challenger JG] Naafiri 13-6-11 - I Am AtomiK#シャドウ.mp4,https://www.youtube.com/watch?v=NqkiVNmIkTk
573719319,JP1_573719319,2026-03-30 13:06,LeeSin,Chisa#1130,Challenger,9,0,2,21,16,9409,16.6,2026-03-30 02:29 JST,834,[JP Challenger JG] LeeSin 9-0-2 - Chisa#1130.mp4,https://www.youtube.com/watch?v=3Dq7yXd3gpA
573719993,JP1_573719993,2026-03-30 12:47,LeeSin,ぴょんしんゲーミング#ぴょんLん,Challenger,6,2,10,18,7,8283,16.6,2026-03-30 02:47 JST,690,[JP Challenger JG] LeeSin 6-2-10 - ぴょんしんゲーミング#ぴょんLん.mp4,https://www.youtube.com/watch?v=IlUy10r1DmA
573741913,JP1_573741913,2026-03-30 12:30,Naafiri,白鶴仙童#MYZZ,Challenger,9,2,15,7,21,13182,16.6,2026-03-30 09:53 JST,985,[JP Challenger JG] Naafiri 9-2-15 - 白鶴仙童#MYZZ.mp4,https://www.youtube.com/watch?v=8LxZG2sii1E
574104238,JP1_574104238,,LeeSin,Chisa#1130,Challenger,18,1,10,34,21,16436,16.7,2026-04-01 06:43 JST,,,
574105662,JP1_574105662,,LeeSin,ゆにか#1122,Challenger,8,5,5,20,40,13798,16.7,2026-04-01 07:32 JST,,,
574111310,JP1_574111310,,Pantheon,我纵茕茕孑立 难避漫漫长夜#gg wp,Challenger,12,0,8,17,24,16202,16.7,2026-04-01 09:49 JST,,,
574135552,JP1_574135552,,JarvanIV,sigyn#1905,Challenger,7,8,14,17,33,14596,16.7,2026-04-01 14:44 JST,,,
574151177,JP1_574151177,,Graves,BC EL#JP1,Challenger,13,1,6,26,50,13731,16.7,2026-04-01 16:41 JST,,,
574154448,JP1_574154448,,XinZhao,was good day#JP1,Challenger,9,3,12,25,31,13154,16.7,2026-04-01 17:11 JST,,,
574154937,JP1_574154937,,Viego,Schwarz#neko,Challenger,12,3,9,34,36,17731,16.7,2026-04-01 17:23 JST,,,
574174444,JP1_574174444,2026-04-02 06:03,LeeSin,ぴょんしんゲーミング#ぴょんLん,Challenger,15,2,7,17,32,14337,16.7,2026-04-01 19:45 JST,1124,[JP Challenger JG] LeeSin 15-2-7 - ぴょんしんゲーミング#ぴょんLん.mp4,
574175481,JP1_574175481,2026-04-02 05:37,Shaco,くるみかん#123,Challenger,11,3,9,12,32,14540,16.7,2026-04-01 19:46 JST,1407,[JP Challenger JG] Shaco 11-3-9 - くるみかん#123.mp4,https://www.youtube.com/watch?v=69Kh1XJes8Y
574181318,JP1_574181318,2026-04-02 05:05,Graves,may ngo#dog,Challenger,15,1,2,6,32,14201,16.7,2026-04-01 20:19 JST,1071,[JP Challenger JG] Graves 15-1-2 - may ngo#dog.mp4,https://www.youtube.com/watch?v=LA_3yYw8lc0
574198500,JP1_574198500,2026-04-02 04:40,Graves,May#0823,Challenger,4,1,10,25,24,9934,16.7,2026-04-01 21:37 JST,873,[JP Challenger JG] Graves 4-1-10 - May#0823.mp4,https://www.youtube.com/watch?v=6qfFtESuUmc
574202927,JP1_574202927,2026-04-02 04:19,LeeSin,天才剑修#巧克力,Challenger,8,1,1,3,14,7762,16.7,2026-04-01 21:54 JST,735,[JP Challenger JG] LeeSin 8-1-1 - 天才剑修#巧克力.mp4,https://www.youtube.com/watch?v=GjxyxZDmqCU
574213559,JP1_574213559,2026-04-02 04:02,Viego,學無止境#Only,Challenger,11,1,4,16,47,14223,16.7,2026-04-01 22:30 JST,1087,[JP Challenger JG] Viego 11-1-4 - 學無止境#Only.mp4,https://www.youtube.com/watch?v=l2o6q1QKR5Q
574234733,JP1_574234733,2026-04-02 03:36,Graves,Badao1102c#2302,Challenger,22,2,9,67,26,18221,16.7,2026-04-01 23:46 JST,1093,[JP Challenger JG] Graves 22-2-9 - Badao1102c#2302.mp4,https://www.youtube.com/watch?v=3pJxgfPGiE4
575269381,JP1_575269381,,Jax,sigyn#1905,Challenger,17,4,3,43,30,16245,16.7,2026-04-07 05:57 JST,,,
575290692,JP1_575290692,,Talon,May#0823,Challenger,14,3,6,44,35,19568,16.7,2026-04-07 12:48 JST,,,
575305488,JP1_575305488,,Nidalee,Chisa#1130,Challenger,7,1,7,3,10,8729,16.7,2026-04-07 15:18 JST,,,
575307071,JP1_575307071,,Kindred,Stellary#1122,Challenger,22,3,6,33,21,18283,16.7,2026-04-07 15:34 JST,,,
575316519,JP1_575316519,,Elise,天才剑修#巧克力,Challenger,8,5,13,16,41,14236,16.7,2026-04-07 17:06 JST,,,
575323742,JP1_575323742,,Shyvana,gaman#7897,Challenger,19,1,11,46,34,18155,16.7,2026-04-07 18:03 JST,,,
575340633,JP1_575340633,,Rengar,我要验牌#十JQKA,Challenger,10,2,6,4,13,9062,16.7,2026-04-07 20:03 JST,,,
575376696,JP1_575376696,,JarvanIV,Ankochan#20y,Challenger,10,4,12,58,43,15700,16.7,2026-04-07 22:30 JST,,,
575398303,JP1_575398303,,Karthus,senzawa#JP1,Challenger,7,4,7,8,9,8034,16.7,2026-04-07 23:43 JST,,,
575405785,JP1_575405785,,Graves,ONCE#JP1,Challenger,5,1,7,40,28,12983,16.7,2026-04-08 00:19 JST,,,
